,name,price,market_cap,volume,coin_supply
0,Bitcoin,"$29,797.88","$579,667,682,248","$21,863,907,061","19,452,212 BTC"
1,Ethereum,"$1,860.91","$223,611,780,027","$7,102,564,512","120,156,268 ETH"
2,Tether USDt,$0.9994,"$83,481,925,986","$27,064,683,929","83,532,099,182 USDT"
3,BNB,$243.99,"$37,537,081,338","$508,082,283","153,853,569 BNB"
4,XRP,$0.6434,"$33,935,003,410","$1,309,209,673","52,741,286,353 XRP"
5,USD Coin,$0.9999,"$26,282,828,389","$3,570,768,132","26,283,850,944 USDC"
6,Dogecoin,$0.07539,"$10,593,494,612","$361,383,335","140,517,826,384 DOGE"
7,Cardano,$0.2985,"$10,466,749,711","$309,625,555","35,027,665,536 ADA"
8,Solana,$24.64,"$10,004,305,464","$529,751,217","405,759,350 SOL"
9,TRON,$0.07689,"$6,888,360,959","$198,028,365","89,523,894,412 TRX"
10,Polygon,$0.6913,"$6,450,220,101","$315,696,844","9,319,469,069 MATIC"
11,Litecoin,$84.10,"$6,183,201,877","$1,210,217,698","73,521,945 LTC"
12,Polkadot,$5.05,"$6,135,256,019","$197,312,254","1,213,685,196 DOT"
13,Shiba Inu,$0.00000986,"$5,811,227,240","$433,627,591","589,346,914,631,298 SHIB"
14,Dai,$0.9997,"$5,034,299,319","$146,298,851","5,035,300,294 DAI"
15,Wrapped Bitcoin,"$29,782.51","$4,830,455,607","$208,390,365","162,205 WBTC"
16,Bitcoin Cash,$236.43,"$4,604,008,775","$762,334,886","19,471,456 BCH"
17,Toncoin,$1.29,"$4,421,997,802","$29,386,519","3,431,892,088 TON"
18,Avalanche,$12.66,"$4,384,524,968","$125,997,819","346,359,636 AVAX"
19,Chainlink,$7.56,"$4,075,913,372","$546,864,012","538,099,970 LINK"
20,Stellar,$0.1425,"$3,897,231,488","$127,195,235","27,357,751,530 XLM"
21,UNUS SED LEO,$3.98,"$3,700,167,370","$1,867,214","929,662,480 LEO"
22,Uniswap,$6.12,"$3,536,624,526","$99,054,379","577,501,036 UNI"
23,Binance USD,$1.00,"$3,393,163,284","$1,529,896,123","3,391,737,649 BUSD"
24,TrueUSD,$1.00,"$2,993,698,481","$3,098,185,667","2,993,074,781 TUSD"
25,Cosmos,$8.57,"$2,970,657,042","$79,176,518","346,608,690 ATOM"
26,Monero,$158.57,"$2,904,429,602","$86,344,162","18,316,106 XMR"
27,OKB,$47.83,"$2,869,035,260","$8,352,709","60,000,000 OKB"
28,Ethereum Classic,$17.94,"$2,554,263,989","$138,943,844","142,397,997 ETC"
29,Hedera,$0.06208,"$2,021,151,467","$156,542,007","32,559,526,344 HBAR"
30,Filecoin,$4.16,"$1,829,589,557","$182,543,757","439,827,015 FIL"
31,Internet Computer,$4.10,"$1,806,796,517","$23,514,464","440,949,455 ICP"
32,Lido DAO,$1.89,"$1,656,954,093","$75,205,473","878,823,742 LDO"
33,Mantle,$0.4686,"$1,512,246,468","$48,272,561","3,234,268,325 MNT"
34,Arbitrum,$1.17,"$1,497,544,598","$193,891,773","1,275,000,000 ARB"
35,Aptos,$6.74,"$1,482,617,754","$81,393,314","219,841,412 APT"
36,Cronos,$0.05798,"$1,465,138,099","$7,770,989","25,263,013,692 CRO"
37,VeChain,$0.01791,"$1,302,406,676","$28,616,731","72,714,516,834 VET"
38,NEAR Protocol,$1.36,"$1,278,473,525","$46,716,980","941,671,517 NEAR"
39,Quant,$102.07,"$1,232,236,764","$12,810,041","12,072,738 QNT"
40,Optimism,$1.69,"$1,209,876,526","$158,768,936","716,708,907 OP"
41,Maker,"$1,218.33","$1,191,082,444","$73,616,586","977,631 MKR"
42,The Graph,$0.1082,"$987,251,067","$65,869,401","9,124,843,438 GRT"
43,Aave,$67.06,"$973,228,700","$78,986,879","14,511,778 AAVE"
44,XDC Network,$0.06488,"$898,939,765","$16,553,878","13,855,028,011 XDC"
45,Algorand,$0.1132,"$884,529,547","$62,598,461","7,810,458,477 ALGO"
46,The Sandbox,$0.4072,"$837,936,961","$71,340,074","2,057,931,926 SAND"
47,Axie Infinity,$5.91,"$830,638,204","$43,780,161","140,506,242 AXS"
48,Stacks,$0.5848,"$817,475,517","$54,596,799","1,397,894,391 STX"
49,MultiversX,$31.36,"$809,331,018","$19,276,642","25,810,512 EGLD"
50,Immutable,$0.7335,"$799,288,738","$15,914,141","1,089,903,325 IMX"
51,EOS,$0.7258,"$797,789,229","$110,332,865","1,099,193,655 EOS"
52,Tezos,$0.7972,"$755,801,858","$13,952,337","948,068,366 XTZ"
53,USDD,$0.9989,"$740,464,004","$22,907,944","741,275,811 USDD"
54,Theta Network,$0.7373,"$737,276,599","$12,508,487","1,000,000,000 THETA"
55,Synthetix,$2.63,"$705,679,539","$39,420,915","268,269,452 SNX"
56,Decentraland,$0.3712,"$702,713,875","$43,686,405","1,893,095,371 MANA"
57,Bitcoin SV,$36.11,"$695,722,020","$527,233,487","19,266,077 BSV"
58,ApeCoin,$1.85,"$680,596,017","$70,023,412","368,593,750 APE"
59,Injective,$8.04,"$673,648,747","$31,175,492","83,755,556 INJ"
60,Fantom,$0.2388,"$669,230,305","$43,201,655","2,801,849,488 FTM"
61,Render,$1.67,"$617,810,936","$25,836,456","369,614,008 RNDR"
62,Neo,$8.51,"$600,577,722","$310,348,034","70,538,831 NEO"
63,eCash,$0.00002975,"$579,158,194","$17,772,431","19,465,667,173,093 XEC"
64,Flow,$0.558,"$578,223,797","$26,245,983","1,036,200,000 FLOW"
65,Kava,$0.8302,"$566,390,514","$9,745,290","682,329,470 KAVA"
66,Conflux,$0.1784,"$564,538,631","$15,407,924","3,165,084,884 CFX"
67,KuCoin Token,$5.61,"$543,076,296","$844,722","96,732,986 KCS"
68,Chiliz,$0.07641,"$543,218,523","$28,580,186","7,108,895,988 CHZ"
69,Gala,$0.02364,"$535,296,741","$60,066,658","22,640,315,462 GALA"
70,Curve DAO Token,$0.6054,"$527,226,606","$73,611,676","870,842,849 CRV"
71,Rocket Pool,$26.38,"$517,792,953","$10,393,462","19,620,795 RPL"
72,Pax Dollar,$1.00,"$511,159,201","$10,660,277","511,100,005 USDP"
73,Klaytn,$0.1573,"$502,953,750","$6,005,517","3,197,032,308 KLAY"
74,Pepe,$0.000001266,"$495,774,432","$193,202,123","391,790,000,000,000 PEPE"
75,IOTA,$0.1745,"$484,917,450","$5,960,346","2,779,530,283 MIOTA"
76,Zcash,$29.63,"$483,773,499","$58,553,233","16,328,269 ZEC"
77,PAX Gold,"$1,931.92","$479,779,964","$7,674,347","248,343 PAXG"
78,Tether Gold,"$1,932.93","$476,514,560","$1,165,984","246,524 XAUt"
79,Frax Share,$6.32,"$460,930,130","$28,988,246","72,809,106 FXS"
80,Terra Classic,$0.00007817,"$458,483,817","$17,629,418","5,864,890,095,552 LUNC"
81,GMX,$50.32,"$449,885,546","$17,987,192","8,938,743 GMX"
82,BitTorrent(New),$0.000000463,"$440,728,842","$13,362,676","951,421,714,286,000 BTT"
83,Compound,$56.14,"$437,582,671","$66,943,197","7,794,698 COMP"
84,Mina,$0.4622,"$438,103,796","$17,153,150","947,867,461 MINA"
85,Casper,$0.0387,"$434,616,612","$5,897,087","11,231,528,159 CSPR"
86,Sui,$0.6015,"$435,312,305","$79,911,722","723,162,190 SUI"
87,Huobi Token,$2.61,"$423,109,924","$16,357,503","162,233,844 HT"
88,GateToken,$4.07,"$391,189,161","$1,092,822","96,044,285 GT"
89,Trust Wallet Token,$0.9204,"$383,337,355","$9,411,224","416,649,900 TWT"
90,Dash,$33.22,"$378,676,883","$58,032,867","11,402,008 DASH"
91,Bone ShibaSwap,$1.64,"$376,828,603","$11,580,286","229,923,351 BONE"
92,Nexo,$0.6558,"$367,244,784","$1,966,859","560,000,011 NEXO"
93,Gemini Dollar,$0.9922,"$357,240,756","$1,008,390","360,432,037 GUSD"
94,Arweave,$5.22,"$341,732,584","$4,242,583","65,454,185 AR"
95,THORChain,$1.00,"$339,538,226","$39,019,215","339,429,574 RUNE"
96,dYdX,$2.12,"$331,293,745","$42,418,929","156,256,174 DYDX"
97,WOO Network,$0.1883,"$326,277,055","$12,672,996","1,733,489,990 WOO"
98,PancakeSwap,,"$318,305,725","$18,813,308","213,307,572 CAKE"
99,Zilliqa,,"$319,068,598","$14,210,047","15,867,699,447 ZIL"
100,APENFT,$0.0...03218,"$318,456,176","$19,302,419","990,105,683,025,577 NFT"
101,Basic Attention Token,$0.2127,"$316,757,911","$41,749,650","1,489,852,087 BAT"
102,1inch Network,$0.3059,"$314,675,707","$16,712,900","1,028,300,131 1INCH"
103,Flare,$0.01471,"$306,883,533","$4,743,725","20,850,202,340 FLR"
104,Loopring,$0.2229,"$296,975,708","$25,150,953","1,331,547,705 LRC"
105,Helium,$2.04,"$293,952,416","$2,382,809","143,934,821 HNT"
106,Enjin Coin,$0.2905,"$290,415,580","$13,767,664","1,000,000,000 ENJ"
107,Gnosis,$112.05,"$290,731,637","$2,427,145","2,589,588 GNO"
108,Mask Network,$3.49,"$287,194,122","$33,914,413","82,112,500 MASK"
109,MX TOKEN,$2.83,"$282,912,853","$4,540,519","100,000,000 MX"
110,NEM,$0.03019,"$271,800,113","$14,158,591","8,999,999,999 XEM"
111,Qtum,$2.59,"$271,320,657","$45,102,291","104,755,842 QTUM"
112,Oasis Network,$0.04708,"$269,586,777","$10,640,263","5,725,718,533 ROSE"
113,Ethereum Name Service,$9.19,"$268,641,662","$7,977,587","29,225,472 ENS"
114,Bitcoin Gold,$14.90,"$260,921,948","$9,460,502","17,513,924 BTG"
115,Celo,$0.5105,"$259,556,699","$10,462,260","508,448,178 CELO"
116,Convex Finance,$3.23,"$256,404,955","$6,870,325","79,484,660 CVX"
117,SingularityNET,$0.208,"$255,209,688","$18,741,613","1,227,214,306 AGIX"
118,Chia,$31.14,"$253,018,453","$8,344,543","8,125,287 XCH"
119,Theta Fuel,$0.04021,"$250,870,911","$2,460,953","6,238,263,368 TFUEL"
120,Ankr,$0.02435,"$243,518,809","$11,252,677","10,000,000,000 ANKR"
121,Worldcoin,$1.92,"$236,983,959","$69,542,218","123,239,126 WLD"
122,Blur,$0.2848,"$236,306,815","$29,305,345","829,614,345 BLUR"
123,Ravencoin,$0.01821,"$233,783,494","$5,827,584","12,840,415,405 RVN"
124,Astar,$0.05198,"$233,669,697","$6,093,085","4,495,583,217 ASTR"
125,Golem,$0.2324,"$234,863,743","$112,833,447","1,000,000,000 GLM"
126,Decred,$14.85,"$228,628,604","$1,022,808","15,397,220 DCR"
127,Osmosis,$0.4582,"$225,657,450","$4,622,010","492,590,761 OSMO"
128,STEPN,$0.2067,"$225,828,759","$15,927,225","1,092,419,225 GMT"
129,Holo,$0.001307,"$224,734,670","$8,122,755","171,827,466,862 HOT"
130,Balancer,$4.34,"$223,308,932","$5,027,976","51,460,312 BAL"
131,Waves,$1.95,"$218,909,317","$41,436,394","112,171,276 WAVES"
132,SafePal,$0.4371,"$218,562,467","$4,653,962","500,000,000 SFP"
133,FLOKI,$0.00002252,"$212,441,793","$15,963,419","9,434,903,205,921 FLOKI"
134,Threshold,$0.02382,"$212,181,100","$6,829,874","8,906,248,017 T"
135,Ocean Protocol,$0.346,"$212,170,862","$16,294,114","613,099,141 OCEAN"
136,Audius,$0.1895,"$209,660,565","$54,097,003","1,106,620,023 AUDIO"
137,yearn.finance,"$6,328.95","$209,082,481","$25,889,270","33,036 YFI"
138,ICON,$0.2135,"$205,923,862","$3,021,058","964,462,988 ICX"
139,JUST,$0.02273,"$202,382,713","$56,604,945","8,902,080,000 JST"
140,JasmyCoin,$0.003969,"$193,895,469","$28,896,119","48,829,999,999 JASMY"
141,Siacoin,$0.003518,"$192,963,079","$5,108,983","54,844,044,708 SC"
142,Terra,$0.5627,"$192,699,480","$34,048,199","342,450,068 LUNA"
143,Kusama,$22.63,"$191,729,327","$9,873,705","8,470,098 KSM"
144,Solar,$0.3297,"$189,210,566","$6,909,992","573,731,089 SXP"
145,EthereumPoW,$1.71,"$184,166,981","$4,372,955","107,818,999 ETHW"
146,0x Protocol,$0.2152,"$182,421,949","$14,268,575","847,496,055 ZRX"
147,UniBot,$179.48,"$189,308,875","$15,176,430","1,000,000 UNIBOT"
148,aelf,$0.2858,"$178,061,201","$6,731,272","622,920,803 ELF"
149,Aragon,$4.39,"$175,621,401","$7,460,991","40,029,852 ANT"
150,ssv.network,$17.47,"$174,713,053","$9,905,830","10,000,000 SSV"
151,Hive,$0.3458,"$173,135,704","$4,894,524","500,749,243 HIVE"
152,MAGIC,$0.7734,"$171,512,137","$40,703,375","221,770,141 MAGIC"
153,IoTeX,$0.01757,"$165,996,642","$2,635,120","9,445,410,572 IOTX"
154,SushiSwap,$0.7173,"$165,640,383","$26,992,626","230,929,977 SUSHI"
155,Ontology,$0.1887,"$165,129,584","$11,813,670","875,249,524 ONT"
156,WAX,$0.04948,"$165,100,190","$1,783,134","3,336,952,793 WAXP"
157,Illuvium,$47.06,"$165,026,855","$8,015,447","3,506,414 ILV"
158,Fetch.ai,$0.1998,"$164,018,416","$18,988,196","820,943,004 FET"
159,Moonbeam,$0.232,"$161,535,995","$2,527,387","696,318,518 GLMR"
160,IOST,$0.008613,"$161,142,726","$4,911,004","18,708,894,189 IOST"
161,Band Protocol,$1.21,"$160,596,640","$4,887,789","132,782,073 BAND"
162,Harmony,$0.01181,"$158,868,535","$7,495,012","13,451,562,297 ONE"
163,Biconomy,$0.248,"$154,906,851","$8,239,541","624,610,465 BICO"
164,TerraClassicUSD,$0.01516,"$148,389,449","$13,664,839","9,790,447,360 USTC"
165,BORA,$0.1427,"$141,814,442","$1,018,479","993,750,000 BORA"
166,Axelar,$0.3945,"$140,451,296","$22,023,827","355,336,786 AXL"
167,TomoChain,$1.36,"$138,698,975","$15,506,495","101,888,326 TOMO"
168,MobileCoin,$0.7072,"$138,113,114","$2,211,658","195,286,109 MOB"
169,Livepeer,$4.72,"$135,279,113","$48,340,989","28,645,471 LPT"
170,DigiByte,$0.008062,"$132,379,028","$2,148,529","16,420,834,083 DGB"
171,SKALE,$0.02805,"$131,146,905","$10,722,965","4,673,852,671 SKL"
172,Core,$0.8608,"$130,788,827","$19,925,534","151,939,219 CORE"
173,Stargate Finance,$0.6343,"$129,604,283","$13,649,493","204,338,417 STG"
174,Kadena,$0.5307,"$128,588,516","$2,207,552","242,289,681 KDA"
175,Flux,$0.4048,"$127,941,370","$7,568,957","316,047,120 FLUX"
176,Nervos Network,$0.002988,"$124,773,209","$2,305,540","41,761,525,193 CKB"
177,UMA,$1.66,"$121,392,006","$7,238,985","73,300,936 UMA"
178,Horizen,$8.68,"$121,438,742","$6,864,478","13,992,781 ZEN"
179,Ribbon Finance,$0.2187,"$118,111,278","$145,622","539,981,123 RBN"
180,DAO Maker,$0.8141,"$117,190,522","$1,366,024","143,942,531 DAO"
181,Celer Network,$0.01464,"$113,384,154","$3,281,387","7,743,424,107 CELR"
182,Alchemy Pay,$0.01721,"$113,250,057","$7,844,114","6,581,843,921 ACH"
183,Centrifuge,$0.3124,"$112,546,512","$358,785","360,263,043 CFG"
184,Storj,$0.2906,"$111,195,882","$11,936,426","382,651,385 STORJ"
185,Cartesi,$0.1492,"$110,765,912","$4,062,790","742,552,410 CTSI"
186,Open Campus,$0.5921,"$111,033,503","$12,520,494","187,395,833 EDU"
187,Kyber Network Crystal v2,$0.646,"$110,231,435","$12,612,945","170,436,652 KNC"
188,Merit Circle,$0.2614,"$109,588,871","$19,093,898","419,191,353 MC"
189,Lisk,$0.8364,"$107,737,818","$860,684","128,900,445 LSK"
190,JOE,$0.313,"$105,404,990","$5,648,068","336,436,965 JOE"
191,Coin98,$0.191,"$105,716,436","$176,590,633","553,333,323 C98"
192,Reserve Rights,$0.002034,"$102,932,698","$6,098,515","50,600,000,000 RSR"
193,Everscale,$0.05707,"$102,580,482","$4,909,260","1,797,594,261 EVER"
194,Galxe,$1.21,"$102,378,174","$6,952,115","84,890,333 GAL"
195,Amp,$0.002393,"$101,051,188","$6,335,981","42,227,702,186 AMP"
196,PlayDapp,$0.1766,"$98,891,525","$22,799,933","560,128,667 PLA"
197,Pundi X (New),$0.3863,"$99,866,838","$1,856,792","258,491,637 PUNDIX"
198,Bancor,$0.678,"$99,990,903","$130,428,928","147,472,796 BNT"
199,Status,$0.02576,"$99,400,781","$1,795,660","3,859,331,335 SNT"
200,Lido Staked ETH,"$1,857.22","$14,889,196,177","$27,672,925","8,014,834 stETH"
201,Wrapped TRON,$0.07694,"$7,822,818,551","$320,461","101,676,082,428 WTRX"
202,Wrapped HBAR,$0.06212,"$2,022,878,612","$392,051","32,559,526,344 WHBAR"
203,Bitcoin BEP2,"$29,772.89","$1,602,440,627","$22,185,162","53,820 BTCB"
204,Wrapped EOS,$0.8527,"$937,426,686",$5,"1,099,193,655 WEOS"
205,Kaspa,$0.04662,"$936,486,872","$33,661,349","20,067,238,342 KAS"
206,HEX,$0.00497,"$863,656,926","$750,761","173,411,074,413 HEX"
207,Frax,$0.9995,"$812,246,241","$22,712,332","812,641,409 FRAX"
208,FLEX,$7.21,"$713,336,957","$522,749","98,664,939 FLEX"
209,Bitget Token,$0.4633,"$648,533,069","$11,529,679","1,400,000,000 BGB"
210,TNC Coin,$0.1093,"$641,480,357","$57,604","5,851,183,164 TNC"
211,Wrapped BNB,$244.04,"$577,715,920","$61,278,811","2,369,122 WBNB"
212,Radix,$0.05274,"$539,543,063","$1,678,138","10,229,775,860 XRD"
213,Rollbit Coin,$0.1573,"$518,777,800","$51,427,726","3,296,951,621 RLB"
214,BitTorrent,$0.0004579,"$453,161,471",$77,"990,000,000,000 BTTOLD"
215,Wrapped Kava,$0.8264,"$411,732,838",$670,"497,668,960 WKAVA"
216,FTX Token,$1.18,"$388,846,849","$16,089,275","328,895,104 FTT"
217,USDJ,$1.10,"$300,651,654","$837,522","272,956,708 USDJ"
218,Liquity USD,$0.9988,"$298,242,822","$2,511,765","298,595,736 LUSD"
219,First Digital USD,$1.00,"$295,845,288","$25,070,245","295,784,747 FDUSD"
220,Huobi BTC,"$29,760.50","$266,936,713","$11,434","8,969 HBTC"
221,Aleph Zero,$0.9258,"$247,009,701","$1,184,000","266,778,951 AZERO"
222,DeFiChain,$0.2876,"$211,102,310","$4,286,148","734,097,205 DFI"
223,Edgecoin,$0.9995,"$209,897,550","$19,774","210,000,000 EDGT"
224,Beldex,$0.0373,"$208,225,631","$4,036,652","5,582,138,524 BDX"
225,tomiNet,$3.07,"$200,629,735","$24,871,837","65,369,656 TOMI"
226,FINSCHIA,$27.95,"$197,303,612","$225,582","7,054,677 FNSA"
227,WEMIX,$0.6051,"$189,232,678","$2,141,884","312,734,950 WEMIX"
228,Baby Doge Coin,$0.0...01198,"$179,397,916","$2,238,658","149,687,002,441,078,528 BabyDoge"
229,Wrapped Beacon ETH,"$1,877.49","$175,214,647","$1,035,102","93,320 WBETH"
230,Ronin,$0.6839,"$166,616,582","$769,291","243,626,597 RON"
231,Symbol,$0.02747,"$159,406,069","$288,437","5,802,772,691 XYM"
232,Gains Network,$5.14,"$156,487,455","$20,433,035","30,453,619 GNS"
233,Tribe,$0.2845,"$146,855,612","$106,951","516,223,775 TRIBE"
234,Pendle,$0.7146,"$145,020,917","$10,546,822","202,943,672 PENDLE"
235,STASIS EURO,$1.09,"$135,502,796","$460,200","124,125,940 EURS"
236,SwissBorg,$0.1316,"$131,621,343","$18,563,773","1,000,000,000 CHSB"
237,Polymath,$0.144,"$133,204,344","$39,385","924,998,413 POLY"
238,Ordinals,$5.72,"$120,121,644","$19,593,364","21,000,000 ORDI"
239,LUKSO (Old),$6.34,"$117,864,551","$273,933","18,600,000 LYXe"
240,USDX [Kava],$0.9483,"$105,803,134","$1,216,178","111,567,264 USDX"
241,Keep Network,$0.1107,"$105,122,336","$313,226","949,256,256 KEEP"
242,Rootstock Smart Bitcoin,"$29,980.00","$102,478,337",$391,"3,418 RBTC"
243,Metars Genesis,$1.57,"$98,830,143","$56,479","62,850,000 MRS"
244,HarryPotterObamaSonic10Inu (ERC-20),$0.09718,"$97,156,090","$12,377,777","999,798,155 BITCOIN"
245,OriginTrail,$0.2453,"$97,285,599","$947,035","396,720,350 TRAC"
246,MiL.k,$0.3218,"$96,709,320","$2,127,177","300,422,882 MLK"
247,Hifi Finance (Old),$0.009553,"$95,577,479",$1,"10,000,000,000 MFT"
248,Yield Guild Games,$0.3612,"$95,506,426","$144,213,901","264,386,531 YGG"
249,SPACE ID,$0.2654,"$94,663,935","$30,226,739","356,837,066 ID"
250,dKargo,$0.03068,"$93,773,222","$2,140,924","3,059,166,667 DKA"
251,Akash Network,$0.8163,"$92,943,775","$3,522,389","113,861,304 AKT"
252,VVS Finance,$0.000002524,"$92,952,162","$327,389","36,827,933,140,572 VVS"
253,Polymesh,$0.1289,"$92,485,154","$1,922,794","717,670,245 POLYX"
254,API3,$1.07,"$92,632,375","$19,403,512","86,421,978 API3"
255,Bitgert,$0.0...02312,"$91,457,449","$2,731,536","395,688,215,721,653 BRISE"
256,Liquity,$0.9892,"$91,987,304","$16,608,851","92,976,348 LQTY"
257,inSure DeFi,$0.003415,"$91,478,197","$111,280","26,790,063,175 SURE"
258,NYM,$0.173,"$91,052,110","$16,899,466","526,234,795 NYM"
259,Telcoin,$0.001328,"$90,177,490","$324,352","67,893,676,135 TEL"
260,STP,$0.04587,"$89,106,703","$3,625,704","1,942,420,283 STPT"
261,iExec RLC,$1.23,"$89,024,123","$6,474,388","72,382,548 RLC"
262,Nano,$0.6649,"$88,611,634","$1,028,636","133,248,297 XNO"
263,Metal DAO,$1.31,"$87,091,926","$9,698,027","66,588,888 MTL"
264,MVL,$0.003709,"$86,980,240","$1,559,893","23,452,958,863 MVL"
265,Radiant Capital,$0.2924,"$87,070,810","$11,990,440","297,736,265 RDNT"
266,Civic,$0.08597,"$85,945,796","$10,661,994","1,000,000,000 CVC"
267,Ontology Gas,$0.2431,"$85,149,524","$5,485,568","350,344,783 ONG"
268,Numeraire,$13.53,"$85,042,081","$2,512,921","6,283,543 NMR"
269,Vulcan Forged PYR,$3.12,"$84,825,382","$2,789,648","27,182,227 PYR"
270,MediBloc,$0.01225,"$84,660,447","$2,004,133","6,908,642,520 MED"
271,Dogelon Mars,$0.0...01532,"$84,338,065","$14,185,346","549,652,770,159,583 ELON"
272,Orbs,$0.02604,"$82,388,825","$1,429,411","3,167,720,359 ORBS"
273,Stella,$0.1029,"$82,116,030","$2,513,247","798,000,000 ALPHA"
274,Syscoin,$0.109,"$81,449,634","$1,444,352","747,394,570 SYS"
275,DeXe,$2.23,"$81,403,814","$1,045,558","36,499,816 DEXE"
276,IQ,$0.005281,"$80,951,955","$2,612,673","15,340,139,511 IQ"
277,Steem,$0.1832,"$80,762,173","$1,594,490","440,878,198 STEEM"
278,Powerledger,$0.157,"$80,511,524","$1,778,592","512,684,997 POWR"
279,Request,$0.08067,"$80,645,164","$2,143,225","999,717,851 REQ"
280,Astrafer,$0.5122,"$80,198,742","$23,252","156,417,090 ASTRAFER"
281,Radworks,$1.61,"$80,184,239","$5,348,541","49,829,111 RAD"
282,Synapse,$0.5707,"$79,831,240","$7,110,267","139,773,376 SYN"
283,Chromia,$0.115,"$78,959,240","$4,109,067","686,549,902 CHR"
284,Decentralized Social,$8.89,"$78,983,628","$2,846,774","8,884,536 DESO"
285,OMG Network,$0.5609,"$78,646,161","$38,731,722","140,245,398 OMG"
286,Linear Finance,$0.01397,"$77,012,904","$19,937,925","5,511,746,464 LINA"
287,Dent,$0.0007763,"$76,852,671","$2,051,957","99,007,791,203 DENT"
288,Prom,$4.20,"$76,710,627","$1,818,057","18,250,000 PROM"
289,Energy Web Token,$2.54,"$76,404,391","$973,649","30,062,138 EWT"
290,Hashflow,$0.3678,"$75,980,117","$7,541,922","206,708,731 HFT"
291,NKN,$0.1009,"$76,155,512","$3,527,209","754,831,362 NKN"
292,Rootstock Infrastructure Framework,$0.07742,"$75,362,002","$2,034,881","973,360,001 RIF"
293,Wrapped NXM,$31.42,"$74,767,573","$2,252,658","2,379,601 WNXM"
294,Statter Network,$1.47,"$74,106,135","$2,679,770","50,344,589 STT"
295,ABBC Coin,$0.05201,"$73,922,311","$10,587,411","1,421,553,701 ABBC"
296,Maverick Protocol,$0.2956,"$73,904,256","$13,299,749","250,000,000 MAV"
297,Ardor,$0.07361,"$73,539,970","$1,727,114","998,999,495 ARDR"
298,Decimal,$0.01594,"$73,675,159","$137,037","4,622,744,465 DEL"
299,MetisDAO,$16.11,"$71,943,045","$2,368,126","4,466,403 METIS"
300,Wilder World,$0.2823,"$71,463,656","$533,568","253,164,428 WILD"
301,Stratis,$0.4662,"$70,822,293","$666,073","152,003,889 STRAX"
302,ARPA,$0.0564,"$70,089,626","$28,858,182","1,242,888,889 ARPA"
303,VeThor Token,$0.001066,"$69,996,668","$882,484","65,670,354,034 VTHO"
304,Verge,$0.004227,"$69,866,881","$6,205,021","16,520,741,919 XVG"
305,Hippocrat,$0.07554,"$73,732,250",$92,"913,409,273 HPO"
306,Ergo,$1.17,"$68,686,848","$358,925","58,638,426 ERG"
307,Venus,$4.42,"$67,674,147","$2,625,285","15,454,812 XVS"
308,Gitcoin,$1.08,"$68,420,849","$13,880,308","63,320,396 GTC"
309,Marlin,$0.008423,"$68,166,696","$2,069,381","8,087,375,977 POND"
310,Smooth Love Potion,$0.001628,"$67,865,228","$6,810,065","41,688,311,824 SLP"
311,Secret,$0.3206,"$67,654,230","$1,454,941","211,069,154 SCRT"
312,SmarDex,$0.01057,"$67,036,805","$2,270,781","6,372,812,739 SDEX"
313,Orchid,$0.06972,"$67,112,823","$82,894,072","962,629,339 OXT"
314,StormX,$0.006669,"$66,692,978","$18,974,482","10,000,000,000 STMX"
315,ConstitutionDAO,$0.01298,"$65,678,397","$4,629,909","5,060,137,335 PEOPLE"
316,Arkham,$0.4331,"$65,050,139","$24,052,955","150,000,000 ARKM"
317,BinaryX,$0.2433,"$65,030,368","$1,925,649","267,237,070 BNX"
318,WINkLink,$0.00006678,"$64,199,294","$18,312,607","961,737,300,000 WIN"
319,XPLA,$0.2712,"$63,454,450","$103,881","233,937,242 XPLA"
320,Clash of Lilliput,$0.7674,"$62,981,052","$55,943","82,074,400 COL"
321,Function X,$0.1529,"$62,554,946","$1,385,900","408,520,357 FX"
322,Ultra,$0.1826,"$62,354,765","$933,597","341,602,984 UOS"
323,Bifrost,$0.04475,"$62,151,286","$787,125","1,386,638,564 BFC"
324,QuarkChain,$0.009662,"$61,833,864","$1,240,614","6,399,906,497 QKC"
325,Refereum,$0.01231,"$61,544,161","$19,417,957","4,999,180,100 RFR"
326,Ankr Staked ETH,"$2,090.05","$61,301,249","$1,223,295","29,330 ankrETH"
327,XCAD Network,$1.42,"$61,289,248","$1,779,987","43,020,781 XCAD"
328,Mdex,$0.06407,"$60,887,713","$4,040,049","950,246,937 MDX"
329,Artificial Liquid Intelligence,$0.01692,"$60,724,910","$192,800","3,588,163,660 ALI"
330,World Mobile Token,$0.1399,"$60,323,938","$442,725","431,241,828 WMT"
331,Ren,$0.06025,"$60,194,109","$5,681,486","999,127,500 REN"
332,MOBOX,$0.2898,"$59,982,212","$4,469,415","206,985,407 MBOX"
333,Covalent,$0.09819,"$59,687,720","$369,907","607,920,038 CQT"
334,COTI,$0.04865,"$59,311,388","$2,877,735","1,219,255,922 COTI"
335,Beta Finance,$0.08352,"$59,156,196","$4,275,638","707,575,758 BETA"
336,Dynex,$1.02,"$59,762,290","$5,488,689","58,567,971 DNX"
337,cVault.finance,"$5,842.83","$58,428,310","$10,583","10,000 CORE"
338,Doge Killer,$550.53,"$58,542,894","$1,140,139","106,293 LEASH"
339,Loom Network,$0.04647,"$56,196,682","$3,225,331","1,209,425,698 LOOM"
340,Phala Network,$0.09414,"$55,873,512","$4,019,500","593,430,904 PHA"
341,Dero,$4.05,"$55,763,969","$35,217","13,781,605 DERO"
342,Vai,$0.9689,"$55,708,880","$160,484","57,498,554 VAI"
343,XSGD,$0.738,"$54,659,014","$341,640","74,098,661 XSGD"
344,Concordium,$0.007974,"$54,515,729","$510,971","6,836,607,809 CCD"
345,DEXTools,$0.5979,"$54,261,472","$119,112","90,750,360 DEXT"
346,Euro Coin,$1.09,"$54,080,118","$2,559,997","49,501,195 EUROC"
347,FUNToken,$0.004927,"$54,010,931","$930,267","10,962,808,529 FUN"
348,DODO,$0.1175,"$53,471,671","$167,735,946","455,104,665 DODO"
349,Origin Protocol,$0.0951,"$53,144,540","$9,744,027","558,815,717 OGN"
350,MovieBloc,$0.003206,"$52,894,851","$2,481,907","16,498,706,222 MBL"
351,Sologenic,$0.1318,"$52,728,692","$452,537","399,947,699 SOLO"
352,Sun (New),$0.00547,"$52,316,045","$21,192,578","9,563,576,472 SUN"
353,Highstreet,$1.29,"$52,463,362","$17,406,573","40,678,525 HIGH"
354,RSS3,$0.1239,"$52,149,612","$3,219,381","421,046,607 RSS3"
355,r/CryptoCurrency Moons,$0.4814,"$51,367,674","$2,336,509","106,776,318 MOON"
356,Shentu,$0.5472,"$50,943,776","$2,107,042","93,095,508 CTK"
357,Spell Token,$0.0004705,"$50,522,331","$6,976,589","107,405,628,969 SPELL"
358,Dusk,$0.1197,"$50,417,486","$5,008,021","421,164,409 DUSK"
359,Morpheus.Network,$1.06,"$49,941,515","$259,698","47,180,014 MNW"
360,Aavegotchi,$0.9428,"$49,726,174","$1,251,360","52,747,801 GHST"
361,Tokamak Network,$1.39,"$49,694,959","$930,250","35,773,415 TON"
362,LooksRare,$0.05459,"$49,162,784","$1,935,942","900,548,677 LOOKS"
363,Ark,$0.2793,"$48,800,966","$1,832,968","174,810,140 ARK"
364,MARBLEX,$0.8176,"$48,922,081","$850,013","60,002,686 MBX"
365,Locus Chain,$0.02336,"$48,620,162","$174,353","2,081,062,787 LOCUS"
366,Constellation,$0.03811,"$48,283,487","$394,262","1,266,911,931 DAG"
367,Verasity,$0.004674,"$48,171,766","$6,098,037","10,305,680,354 VRA"
368,SOMESING,$0.017,"$48,045,472","$960,995","2,825,515,413 SSX"
369,XYO,$0.003558,"$47,954,595","$458,664","13,476,747,692 XYO"
370,Creditcoin,$0.1963,"$47,995,411","$20,358,183","244,464,279 CTC"
371,Neutron,$0.3153,"$47,891,713","$64,764","151,906,458 NTRN"
372,Carry,$0.004866,"$47,725,393","$32,204,356","9,806,931,560 CRE"
373,Aura Finance,$1.26,"$47,664,999","$218,420","37,819,844 AURA"
374,Hooked Protocol,$0.9511,"$47,586,585","$6,716,044","50,000,000 HOOK"
375,Raydium,$0.2127,"$47,343,365","$2,223,433","222,596,265 RAY"
376,Aergo,$0.1072,"$47,160,783","$1,262,628","440,000,000 AERGO"
377,MyNeighborAlice,$0.9181,"$47,043,347","$12,250,713","51,240,907 ALICE"
378,Cobak Token,$0.6113,"$46,731,444","$1,751,610","76,447,561 CBK"
379,Bad Idea AI,$0.0...08692,"$46,500,695","$4,652,556","534,961,958,899,750 BAD"
380,ALEX Lab,$0.07666,"$46,492,663","$311,636","606,489,877 ALEX"
381,Dust Protocol,$2.43,"$46,572,619","$1,197,017","19,143,962 DUST"
382,WazirX,$0.1219,"$46,544,987","$970,242","381,856,872 WRX"
383,Metacraft,$0.8762,"$46,141,247",$403,"52,661,120 MCT"
384,Metadium,$0.02731,"$46,081,175","$3,691,456","1,687,369,624 META"
385,smARTOFGIVING,$0.6237,"$46,015,713","$16,775","73,780,484 AOG"
386,Ampleforth Governance Token,$3.00,"$45,799,275","$7,373,518","15,259,210 FORTH"
387,Rakon,$0.1887,"$45,829,247","$15,449","242,857,143 RKN"
388,AllianceBlock Nexera,$0.06477,"$45,886,873","$376,402","708,479,907 NXRA"
389,Alien Worlds,$0.01258,"$45,825,225","$38,663,803","3,641,947,959 TLM"
390,Voyager Token,$0.1613,"$44,906,094","$12,467,685","278,482,214 VGX"
391,Vega Protocol,$0.8472,"$44,756,134","$404,510","52,827,583 VEGA"
392,Oasys,$0.05141,"$44,744,080","$1,595,279","870,344,347 OAS"
393,Acala Token,$0.05794,"$44,693,605","$2,626,496","771,391,666 ACA"
394,COMBO,$0.6263,"$44,493,050","$3,458,136","71,051,748 COMBO"
395,Bytom,$0.02487,"$44,819,941","$227,470","1,801,877,588 BTM"
396,Dawn Protocol,$0.5956,"$44,351,045","$7,931,204","74,464,266 DAWN"
397,Adventure Gold,$0.6328,"$44,402,617","$11,333,059","70,170,001 AGLD"
398,Strike,$11.52,"$44,296,693","$1,092,148","3,844,089 STRK"
399,Sweat Economy,$0.006685,"$43,939,452","$1,057,609","6,572,372,443 SWEAT"
400,ThunderCore,$0.004038,"$41,750,412","$2,800,567","10,342,026,638 TT"
401,Badger DAO,$2.18,"$42,980,873","$3,612,170","19,767,940 BADGER"
402,Celo Dollar,$0.9984,"$42,895,747","$175,820","42,923,861 CUSD"
403,ATOR Protocol,$0.5755,"$42,760,893","$847,936","74,307,118 ATOR"
404,DeFi Pulse Index,$76.40,"$42,707,360","$3,047","558,983 DPI"
405,Mines of Dalarnia,$0.1068,"$42,624,682","$7,040,286","398,953,623 DAR"
406,Orbit Chain,$0.06619,"$42,096,942","$117,637","641,962,104 ORC"
407,Enzyme,$17.89,"$42,461,531","$560,743","2,366,188 MLN"
408,AXEL,$0.1495,"$42,317,814","$17,455","283,102,718 AXEL"
409,Toko Token,$0.2612,"$42,128,691","$9,229,751","160,906,073 TKO"
410,Pirate Chain,$0.2116,"$41,529,694","$41,402","196,213,798 ARRR"
411,Persistence,$0.2354,"$41,436,973","$378,828","175,770,065 XPRT"
412,FirmaChain,$0.05743,"$41,038,368","$3,514,598","715,411,137 FCT"
413,Braintrust,$0.2699,"$40,632,931","$243,168","149,876,469 BTRST"
414,Gods Unchained,$0.1704,"$40,724,429","$984,727","238,678,359 GODS"
415,Veritaseum,$17.06,"$36,667,317","$4,840","2,149,646 VERI"
416,Wanchain,$0.2029,"$39,888,084","$1,752,427","196,923,384 WAN"
417,Tether EURt,$1.10,"$39,889,677","$1,433,163","36,387,340 EURt"
418,Electroneum,$0.002209,"$39,659,579","$804,756","17,951,872,828 ETN"
419,MUX Protocol,$10.34,"$39,460,759","$89,608","3,821,523 MCB"
420,Bella Protocol,$0.6602,"$39,570,327","$2,743,697","60,000,000 BEL"
421,AVINOC,$0.1009,"$39,255,548","$105,729","389,244,472 AVINOC"
422,sUSD,$1.00,"$39,160,130","$3,048,838","39,160,852 SUSD"
423,CEEK VR,$0.04864,"$39,149,712","$5,724,094","805,717,779 CEEK"
424,e-Radix,$0.05324,"$39,117,552","$14,910","734,834,633 EXRD"
425,Wirex Token,$0.003868,"$38,616,796","$149,382","10,000,000,000 WXT"
426,Meter Governance,$1.79,"$38,510,719","$90,441","21,525,728 MTRG"
427,RACA,$0.0001144,"$38,520,840","$4,158,912","336,764,574,834 RACA"
428,Moonriver,$5.09,"$38,113,651","$3,360,164","7,478,135 MOVR"
429,HUNT,$0.3419,"$37,728,153","$2,520,971","110,357,399 HUNT"
430,SuperVerse,$0.0912,"$37,080,361","$1,928,332","406,694,843 SUPER"
431,Seedify.fund,$0.7238,"$36,853,748","$3,268,156","50,932,452 SFUND"
432,PegNet,$0.01659,"$36,961,522","$8,300","2,227,955,499 PEG"
433,Uquid Coin,$3.65,"$36,893,216","$89,707","10,000,000 UQC"
434,TrueFi,$0.03455,"$36,810,225","$14,994,451","1,062,232,886 TRU"
435,Celsius,$0.1519,"$36,378,700","$774,113","238,863,520 CEL"
436,Taraxa,$0.01285,"$37,940,311","$10,892,627","2,947,386,383 TARA"
437,ZEON,$0.001175,"$35,911,441","$29,855","30,529,103,436 ZEON"
438,IDEX,$0.05226,"$35,186,724","$6,502,443","673,858,614 IDEX"
439,LCX,$0.04568,"$35,359,352","$165,369","771,584,751 LCX"
440,Nakamoto Games,$0.494,"$35,745,103","$2,346,793","72,360,517 NAKA"
441,Reef,$0.001535,"$34,934,107","$8,222,336","22,821,409,581 REEF"
442,SingularityDAO,$0.4198,"$34,811,462","$959,195","82,733,204 SDAO"
443,Propy,$0.3465,"$34,648,909","$443,238","100,000,000 PRO"
444,Perpetual Protocol,$0.5245,"$34,569,842","$6,034,555","66,002,157 PERP"
445,Sentinel Protocol,$0.06995,"$33,988,401","$23,373,175","485,334,811 UPP"
446,SuperRare,$0.07377,"$33,919,606","$598,402","459,895,983 RARE"
447,KLAYswap Protocol,$0.6159,"$33,709,261","$118,101","54,799,370 KSP"
448,Gomining,$0.1226,"$33,560,740","$1,691,267","274,472,650 GMT"
449,Automata Network,$0.08334,"$33,442,174","$2,409,094","401,140,219 ATA"
450,Utrust,$0.06685,"$33,424,412","$3,244,093","500,000,000 UTK"
451,Fei USD,$0.9576,"$33,358,978","$72,123","34,837,519 FEI"
452,Moss Coin,$0.08657,"$33,225,956","$811,833","383,934,922 MOC"
453,Forta,$0.1324,"$33,241,976","$193,142","249,898,885 FORT"
454,Flamingo,$0.06596,"$33,128,241","$1,568,077","501,930,168 FLM"
455,Rally,$0.006592,"$33,034,639","$300,991","5,009,263,430 RLY"
456,Bounce Token,$5.05,"$32,843,911","$7,838,637","6,500,020 AUCTION"
457,Router Protocol,$2.63,"$32,591,516","$1,342,385","12,403,722 ROUTE"
458,Efinity Token,$0.04964,"$32,285,055","$875,904","649,584,966 EFI"
459,Chainge,$0.08041,"$32,084,003","$182,401","399,854,061 CHNG"
460,Saitama,$0.0007182,"$31,893,961","$740,284","44,393,099,907 SAITAMA"
461,Ampleforth,$1.09,"$31,919,152","$189,910","29,185,949 AMPL"
462,Biswap,$0.08546,"$31,874,140","$3,502,765","373,023,661 BSW"
463,VerusCoin,$0.4306,"$31,831,435","$9,891","73,911,060 VRSC"
464,TokenPocket,$0.009129,"$31,657,756","$97,844","3,466,457,400 TPT"
465,Akropolis,$0.007269,"$31,557,955","$7,825,848","4,344,132,327 AKRO"
466,IRISnet,$0.02045,"$31,472,857","$747,043","1,538,547,006 IRIS"
467,PlatON,$0.007677,"$31,291,106","$871,181","4,078,495,561 LAT"
468,Komodo,$0.2303,"$31,326,641","$369,313","135,953,876 KMD"
469,Veritise,$0.1381,"$30,926,365","$283,568","224,055,263 VTS"
470,Zebec,$0.009413,"$30,746,004","$10,442,804","3,257,486,148 ZBC"
471,0x0.ai,$0.03595,"$31,226,305","$819,070","868,563,455 0x0"
472,Polkastarter,$0.3075,"$30,508,814","$1,342,508","99,221,432 POLS"
473,Travala.com,$0.5786,"$30,267,572","$975,397","52,315,459 AVA"
474,WAGMI Games,$0.00001691,"$30,504,225","$843,517","1,804,354,666,195 WAGMIGAMES"
475,Hifi Finance,$0.3172,"$30,138,073","$1,162,293","95,012,805 HIFI"
476,Measurable Data Token,$0.04456,"$30,126,360","$4,355,011","676,157,013 MDT"
477,Cortex,$0.1397,"$29,924,526","$2,079,615","214,153,340 CTXC"
478,MonaCoin,$0.4533,"$29,794,267","$133,089","65,729,675 MONA"
479,AhaToken,$0.007547,"$29,558,262","$2,797,334","3,916,478,265 AHT"
480,Coinweb,$0.01738,"$29,461,897","$228,230","1,694,951,452 CWEB"
481,Groestlcoin,$0.3534,"$29,375,388","$639,745","83,141,229 GRS"
482,BitShares,$0.009912,"$29,398,247","$515,289","2,994,986,663 BTS"
483,Virtua,$0.02545,"$29,339,057","$3,189,327","1,152,825,091 TVK"
484,ASD,$0.04417,"$29,177,888","$4,257,582","660,615,274 ASD"
485,StrikeX,$0.03398,"$29,261,163","$22,083","861,141,947 STRX"
486,Ethernity,$1.56,"$29,278,140","$1,331,608","18,712,786 ERN"
487,Altura,$0.04031,"$29,004,024","$495,834","719,755,021 ALU"
488,Adshares,$0.7459,"$28,904,530","$455,637","38,752,449 ADS"
489,Chainbing,$0.8762,"$28,914,577","$102,748","33,000,000 CBG"
490,Reserve,$0.9987,"$28,813,744",,"28,850,667 RSV"
491,FC Barcelona Fan Token,$2.74,"$28,680,815","$1,593,515","10,449,741 BAR"
492,DFI.Money,$743.54,"$28,697,628","$10,510,015","38,596 YFII"
493,Steem Dollars,$2.30,"$28,355,249","$1,457,167","12,350,716 SBD"
494,DIA,$0.2553,"$28,218,601","$8,692,690","110,617,604 DIA"
495,USDK,$0.9779,"$27,968,443","$1,028","28,600,072 USDK"
496,NEST Protocol,$0.009275,"$26,999,966","$4,066,516","2,911,743,948 NEST"
497,SelfKey,$0.005236,"$27,787,261","$4,999,277","5,304,969,446 KEY"
498,Telos,$0.1025,"$27,651,568","$1,833,169","270,123,444 TLOS"
499,Gelato,$0.2521,"$27,558,703","$64,105","109,951,523 GEL"
500,Elastos,$1.36,"$27,680,932","$417,109","20,346,868 ELA"
501,district0x,$0.02739,"$27,366,659","$652,445","1,000,000,000 DNT"
502,QuickSwap [old],$53.27,"$27,096,509","$159,394","513,997 QUICK"
503,Quiztok,$0.004306,"$26,794,426","$197,776","6,331,548,893 QTCON"
504,Bloktopia,$0.001548,"$27,161,558","$340,941","17,536,640,676 BLOK"
505,NEST Protocol,$0.009325,"$26,976,148","$4,066,943","2,911,743,948 NEST"
506,Kin,$0.00001224,"$27,138,518","$463,909","2,207,205,857,150 KIN"
507,LTO Network,$0.06463,"$26,986,505","$1,057,311","417,839,366 LTO"
508,Gas,$2.65,"$26,843,478","$2,452,321","10,128,375 GAS"
509,Quickswap [New],$0.05042,"$26,789,647","$12,181,486","530,000,000 QUICK"
510,Litentry,$0.6741,"$26,703,211","$3,387,708","39,619,383 LIT"
511,Alpha Quark Token,$0.9975,"$26,508,778","$906,812","26,640,784 AQT"
512,Lyra,$0.06331,"$26,575,322","$5,485","419,738,085 LYRA"
513,H2O DAO,$0.118,"$26,548,590","$182,938","225,062,277 H2O"
514,BakeryToken,$0.09159,"$26,539,263","$13,898,169","289,770,515 BAKE"
515,Defigram,$2.63,"$26,320,201","$5,105","10,000,000 DFG"
516,Findora,$0.002982,"$26,398,810","$684,641","8,851,836,144 FRA"
517,HELLO Labs,$0.04139,"$26,096,370","$792,352","630,523,787 HELLO"
518,Beefy,$308.32,"$24,665,883","$92,830","80,000 BIFI"
519,Cream Finance,$13.87,"$25,740,685","$601,559","1,855,659 CREAM"
520,RichQUACK.com,$0.0...05812,"$25,607,043","$295,362","44,085,961,274,152,304 QUACK"
521,Phoenix,$0.5832,"$25,419,216","$3,462,046","43,573,557 PHB"
522,Onyxcoin,$0.001019,"$25,311,501","$1,458,224","24,830,945,087 XCN"
523,Dione Protocol,$0.002659,"$25,288,061","$1,597,087","9,510,863,533 DIONE"
524,RocketX exchange,$0.3364,"$25,217,382","$885,337","74,974,047 RVF"
525,Maple,$5.63,"$24,866,174","$787,249","4,417,986 MPL"
526,NvirWorld,$0.02361,"$24,845,265","$976,200","1,052,511,922 NVIR"
527,Multichain,$1.71,"$24,883,811","$1,966,749","14,541,094 MULTI"
528,Dejitaru Tsuka,$0.0247,"$24,700,697","$913,395","1,000,000,000 TSUKA"
529,Nine Chronicles,$0.08048,"$24,578,984","$882,640","305,399,398 WNCG"
530,BENQI,$0.00635,"$24,384,497","$713,264","3,838,749,930 QI"
531,NEOPIN,$0.4601,"$24,360,616","$422,526","52,943,601 NPT"
532,Alchemix,$12.76,"$24,218,372","$992,831","1,898,445 ALCX"
533,Velas,$0.009748,"$24,218,648","$462,278","2,484,407,471 VLX"
534,Guild of Guardians,$0.06095,"$24,083,438","$1,713,873","395,130,335 GOG"
535,Namecoin,$1.61,"$23,687,343","$5,621","14,736,400 NMC"
536,Alitas,$0.1974,"$23,683,837","$2,929","120,000,000 ALT"
537,UNS TOKEN,$0.223,"$23,554,520","$80,932","105,604,200 UNS"
538,NuNet,$0.04661,"$23,494,775","$28,890","504,084,665 NTX"
539,Alpaca Finance,$0.1547,"$23,370,331","$2,919,356","151,015,141 ALPACA"
540,Aurora,$0.07046,"$23,234,267","$551,514","329,745,083 AURORA"
541,Klever,$0.002619,"$23,260,549","$1,218,064","8,880,780,407 KLV"
542,Qredo,$0.06242,"$23,163,236","$581,155","371,087,714 QRDO"
543,Splintershards,$0.02219,"$23,144,545","$153,151","1,042,900,383 SPS"
544,BarnBridge,$2.92,"$23,077,868","$2,205,969","7,910,262 BOND"
545,Alpine F1 Team Fan Token,$2.01,"$22,858,878","$2,221,937","11,360,000 ALPINE"
546,CoinEx Token,$0.03225,"$22,852,508","$539,243","708,633,582 CET"
547,Boba Network,$0.1332,"$22,856,804","$648,411","171,624,232 BOBA"
548,Keep3rV1,$53.78,"$22,865,906","$1,112,229","425,178 KP3R"
549,VIMworld,$0.004097,"$22,803,391","$98,947","5,566,374,466 VEED"
550,Decentral Games,$0.03186,"$22,748,411","$83,169","714,100,632 DG"
551,Streamr,$0.02389,"$22,718,851","$811,001","950,956,753 DATA"
552,GuildFi,$0.05847,"$22,686,790","$1,216,149","388,011,226 GF"
553,Orion Protocol,$0.6569,"$22,431,528","$3,395,928","34,146,255 ORN"
554,Hermez Network,$4.76,"$22,393,582","$13,354","4,700,000 HEZ"
555,TROY,$0.002582,"$22,281,819","$1,550,854","8,625,000,000 TROY"
556,MXC,$0.008381,"$22,143,794","$1,271,546","2,642,132,371 MXC"
557,ONBUFF,$0.02824,"$21,744,224","$244,056","770,075,466 ONIT"
558,REI Network,$0.02285,"$21,708,172","$1,083,696","950,000,000 REI"
559,CLV,$0.03716,"$21,684,553","$4,341,801","583,388,095 CLV"
560,Hourglass,$0.221,"$21,649,423","$91,752","97,959,725 WAIT"
561,Manchester City Fan Token,$3.35,"$21,610,327","$1,909,254","6,449,698 CITY"
562,Firo,$1.69,"$21,431,652","$312,647","12,676,025 FIRO"
563,Yield App,$0.09644,"$21,412,701","$374,372","222,045,131 YLD"
564,Dego Finance,$1.51,"$21,378,048","$1,158,884","14,158,734 DEGO"
565,Stader,$0.7568,"$21,354,971","$740,958","28,217,104 SD"
566,Bluzelle,$0.05233,"$21,344,884","$1,426,937","407,876,056 BLZ"
567,Student Coin,$0.004005,"$21,316,794","$119,904","5,322,747,502 STC"
568,NULS,$0.2052,"$21,246,238","$4,185,276","103,538,053 NULS"
569,StreamCoin,$0.01422,"$21,228,315","$12,875,040","1,492,629,682 STRM"
570,Contentos,$0.005099,"$21,214,247","$1,701,888","4,160,904,880 COS"
571,Aleph.im,$0.08511,"$21,040,463","$173,995","247,220,482 ALEPH"
572,Kishu Inu,$0.0...02241,"$20,817,614","$259,814","92,893,596,429,223,408 KISHU"
573,UFO Gaming,$0.0...08041,"$20,710,648","$695,776","25,757,575,757,576 UFO"
574,ParaSwap,$0.0278,"$20,706,640","$96,406","744,976,909 PSP"
575,KardiaChain,$0.004334,"$20,622,432","$131,735","4,758,000,000 KAI"
576,Serum,$0.07768,"$20,467,093","$8,631,393","263,244,669 SRM"
577,RAMP,$0.04241,"$20,262,107",$867,"477,838,740 RAMP"
578,VAIOT,$0.07718,"$20,223,424","$481,253","262,030,151 VAI"
579,Unifi Protocol DAO,$3.67,"$20,170,647","$7,077,925","5,499,784 UNFI"
580,Ambire AdEx,$0.1413,"$20,141,833","$1,692,494","142,557,534 ADX"
581,Snek,$0.0002817,"$19,954,379","$628,816","70,834,835,671 SNEK"
582,Nexa,$0.000008797,"$19,803,882","$1,036,758","2,251,290,000,000 NEXA"
583,Grove Coin,$0.2081,"$19,789,226","$2,916,861","95,083,335 GRV"
584,Radiant,$0.002795,"$19,145,792","$467,248","6,850,830,312 RXD"
585,Tellor,$11.43,"$19,467,863","$1,518,029","1,703,442 TRB"
586,Everdome,$0.001025,"$19,464,655","$436,226","18,998,841,067 DOME"
587,Tokenlon Network Token,$0.436,"$19,427,330","$149,847","44,559,365 LON"
588,S.S. Lazio Fan Token,$2.26,"$19,425,046","$2,235,532","8,600,000 LAZIO"
589,YooShi,$0.0...05198,"$19,397,074","$47,389","373,136,807,697,888 YOOSHI"
590,DeRace,$0.1805,"$19,377,795","$890,505","107,340,000 DERC"
591,LeverFi,$0.001249,"$19,313,169","$3,350,372","15,462,152,684 LEVER"
592,GameFi.org,$2.32,"$19,350,618","$149,277","8,340,920 GAFI"
593,Bitcicoin,$0.0025,"$19,273,896","$2,535,181","7,708,828,412 BITCI"
594,Shiba Predator,$0.0...03204,"$19,220,346","$206,586","599,886,333,333,333 QOM"
595,MAP Protocol,$0.008813,"$19,434,584","$208,407","2,205,183,690 MAP"
596,GYEN,$0.006997,"$19,128,907","$14,298","2,733,961,999 GYEN"
597,Milady Meme Coin,$0.0...02608,"$19,149,697","$2,255,630","734,366,023,232,083 LADYS"
598,Voxies,$0.1624,"$19,038,901","$11,370,579","117,260,798 VOXEL"
599,Origin Dollar,$0.9979,"$18,982,787","$3,794,399","19,023,653 OUSD"
600,BitMart Token,$0.1099,"$18,923,561","$2,080,228","172,248,359 BMX"
601,Syntropy,$0.02697,"$18,896,299","$528,840","700,530,773 NOIA"
602,Bonk,$0.000000348,"$18,913,923","$2,369,036","54,175,991,495,377 BONK"
603,TerraKRW,$0.0004911,"$18,844,545",,"38,349,366,273 KRT"
604,SpaceN,$0.4672,"$18,829,439","$9,198","40,010,000 SN"
605,BeNFT Solutions,$13.81,"$18,393,190","$2,458,078","1,349,790 BeAI"
606,Kwenta,$128.23,"$18,633,216","$184,621","145,322 KWENTA"
607,Star Atlas DAO,$0.1212,"$18,608,252","$209,008","153,005,849 POLIS"
608,Maro,$0.02211,"$18,509,647","$463,175","832,950,233 MARO"
609,Velo,$0.002486,"$18,379,879","$6,971,222","7,390,475,595 VELO"
610,CUDOS,$0.003151,"$18,351,724","$308,851","5,823,421,446 CUDOS"
611,r/FortNiteBR Bricks,$0.1649,"$19,017,115","$2,404,791","111,230,228 BRICK"
612,Elitium,$0.6569,"$18,339,965",,"27,916,379 EUM"
613,AirSwap,$0.1044,"$18,220,597","$340,489","174,479,533 AST"
614,League of Kingdoms Arena,$0.2487,"$18,373,386","$4,254,577","73,874,861 LOKA"
615,Paris Saint-Germain Fan Token,$3.75,"$18,032,909","$1,494,359","4,813,250 PSG"
616,Throne,$0.04593,"$17,949,814","$2,598,404","390,752,313 THN"
617,Mango,$0.01795,"$17,949,192","$185,587","1,000,000,000 MNGO"
618,rhino.fi,$0.7409,"$17,891,886","$14,455","24,147,148 DVF"
619,NFT Worlds,$0.02505,"$17,837,286","$237,279","712,090,665 WRLD"
620,Battle World,$0.06661,"$17,813,275","$87,857","267,815,026 BWO"
621,CENNZnet,$0.0149,"$17,882,816","$340,037","1,200,000,000 CENNZ"
622,Fusion,$0.2382,"$17,704,073","$152,391","74,354,913 FSN"
623,Tranchess,$0.1434,"$17,654,909","$1,825,014","123,129,607 CHESS"
624,BurgerCities,$0.4127,"$17,682,128","$6,362,856","42,850,151 BURGER"
625,KILT Protocol,$0.3557,"$17,577,812","$57,560","49,420,140 KILT"
626,RMRK,$1.85,"$17,574,147","$34,437","9,500,000 RMRK"
627,Image Generation AI,$0.02262,"$17,571,331","$622,385","776,833,333 IMGNAI"
628,FC Porto Fan Token,$2.25,"$17,527,519","$2,971,893","7,800,000 PORTO"
629,Opulous,$0.07057,"$17,226,892","$494,807","244,198,213 OPUL"
630,Ternoa,$0.01503,"$17,236,070","$766,594","1,146,676,735 CAPS"
631,Proton,$0.0008696,"$17,156,316","$604,474","19,736,365,865 XPR"
632,Harvest Finance,$25.10,"$17,180,472","$962,739","684,609 FARM"
633,Wing Finance,$4.86,"$17,092,270","$1,794,469","3,516,287 WING"
634,Petals,$0.001196,"$16,922,921","$12,791","14,124,978,750 PTS"
635,StaFi,$0.2781,"$16,808,114","$2,708,898","60,452,000 FIS"
636,Kava Lend,$0.1238,"$16,685,966","$1,098,841","134,791,668 HARD"
637,Kleros,$0.02322,"$16,523,575","$692,525","711,173,427 PNK"
638,MANTRA,$0.02209,"$16,497,822","$1,485,223","746,851,094 OM"
639,AC Milan Fan Token,$2.24,"$16,228,743","$3,854,615","7,255,253 ACM"
640,Vectorspace AI,$0.3285,"$16,067,949","$53,853","48,912,657 VXV"
641,Augur,$1.46,"$16,011,109","$1,826,121","11,000,000 REP"
642,VIDT DAO,$0.02057,"$15,833,960","$812,647","770,011,370 VIDT"
643,Revain,$0.0001861,"$15,832,604","$103,437","85,061,485,690 REV"
644,Ellipsis,$0.02178,"$15,763,903",$293,"723,701,572 EPS"
645,dForce,$0.03601,"$15,551,126","$486,821","432,032,332 DF"
646,PIVX,$0.2043,"$15,442,845","$752,494","75,580,465 PIVX"
647,HOPR,$0.04548,"$15,516,994","$281,409","341,173,813 HOPR"
648,ICHI,$2.29,"$15,245,487","$218,868","6,658,442 ICHI"
649,PolySwarm,$0.009932,"$15,359,014","$208,545","1,546,457,130 NCT"
650,Celo Euro,$1.08,"$15,385,662","$77,793","14,214,068 CEUR"
651,Bubblefong,$0.1133,"$15,246,988","$612,997","134,964,672 BBF"
652,Circuits of Value,$0.008567,"$15,291,271","$105,809","1,784,838,484 COVAL"
653,PARSIQ,$0.08245,"$15,271,633","$897,283","185,256,872 PRQ"
654,Star Atlas,$0.00156,"$15,288,663","$675,916","9,803,356,511 ATLAS"
655,FIO Protocol,$0.02198,"$15,227,328","$4,048,323","692,606,945 FIO"
656,ForTube,$0.01916,"$15,226,285","$593,547","795,000,000 FOR"
657,Gifto,$0.01494,"$14,911,951","$6,238,751","999,271,532 GFT"
658,Rarible,$1.05,"$15,227,402","$131,750","14,441,025 RARI"
659,ArbDoge AI,$0.0...08732,"$15,296,194","$3,126,437","174,455,896,934,211,008 AIDOGE"
660,Shiden Network,$0.2441,"$15,181,448","$82,193","62,183,386 SDN"
661,CONUN,$0.005233,"$15,161,121","$28,899","2,897,405,859 CON"
662,Metahero,$0.00292,"$14,875,196","$273,179","5,095,643,290 HERO"
663,BIDR,$0.00006589,"$14,868,428","$8,502,832","225,715,436,474 BIDR"
664,Pluton,$7.98,"$14,773,455","$433,281","1,852,000 PLU"
665,Santos FC Fan Token,$3.23,"$14,700,079","$4,614,142","4,550,000 SANTOS"
666,RFOX,$0.01119,"$14,679,065","$441,040","1,312,000,760 RFOX"
667,Solend,$0.4107,"$14,608,139","$18,065","35,565,712 SLND"
668,Hillstone Finance,$0.4851,"$14,558,761","$110,742","30,011,471 HSF"
669,Indigo Protocol,$2.83,"$14,563,743","$157,212","5,144,893 INDY"
670,GET Protocol,$1.28,"$14,534,772","$6,342","11,388,258 GET"
671,Ellipsis,$0.0002133,"$14,475,208","$1,324,495","67,851,433,715 EPX"
672,Dogechain,$0.0006637,"$14,522,517","$808,474","21,880,885,387 DC"
673,XCAD Network Play,$0.07473,"$14,522,617","$1,884,405","194,327,578 PLAY"
674,OG Fan Token,$3.72,"$14,480,376","$7,903,147","3,892,658 OG"
675,VITE,$0.01399,"$14,399,382","$1,971,047","1,028,980,255 VITE"
676,Diamond,$3.81,"$14,369,635","$9,852","3,768,789 DMD"
677,WhiteCoin,$0.01877,"$14,346,649",$554,"764,324,623 XWC"
678,Hacken Token,$0.02193,"$14,177,058","$810,193","646,062,359 HAI"
679,Minswap,$0.02,"$14,073,293","$102,268","703,495,857 MIN"
680,Rari Governance Token,$1.12,"$13,997,121","$16,129","12,472,026 RGT"
681,Swarm,$0.2814,"$13,928,521","$132,589","49,471,526 BZZ"
682,Boson Protocol,$0.1216,"$13,915,099","$218,893","114,435,756 BOSON"
683,GameZone,$0.01654,"$13,892,479","$25,589","840,117,285 GZONE"
684,Samoyedcoin,$0.003772,"$13,796,416","$210,329","3,657,134,467 SAMO"
685,BABB,$0.0002194,"$13,754,607","$133,337","62,701,285,000 BAX"
686,UNCX Network,$296.31,"$13,769,949","$15,626","46,471 UNCX"
687,Marinade Staked SOL,$27.77,"$13,831,701","$4,123,140","498,000 MSOL"
688,ApolloX,$0.03069,"$13,748,301","$403,943","447,931,101 APX"
689,Volt Inu,$0.0...02505,"$13,721,175","$10,082,558","54,766,287,142,827 VOLT"
690,FNCY,$0.01551,"$13,538,558","$144,531","872,989,300 FNCY"
691,AIOZ Network,$0.01397,"$13,549,773","$151,614","969,592,837 AIOZ"
692,Waltonchain,$0.1629,"$13,497,113","$397,713","82,831,630 WTC"
693,Unification,$0.391,"$13,470,206","$84,640","34,447,402 FUND"
694,Alephium,$0.314,"$13,319,658","$179,405","42,425,446 ALPH"
695,Frontier,$0.1481,"$13,330,953","$1,505,847","90,000,000 FRONT"
696,Dock,$0.01506,"$13,198,827","$360,099","876,417,166 DOCK"
697,Tornado Cash,$3.23,"$13,158,097","$422,931","4,074,668 TORN"
698,Quantum Resistant Ledger,$0.1896,"$12,884,183","$55,814","67,937,170 QRL"
699,Somnium Space Cubes,$1.04,"$12,966,136","$17,973","12,500,000 CUBE"
700,Somnium Space Cubes,$1.04,"$12,964,723","$17,973","12,500,000 CUBE"
701,Assemble Protocol,$0.01041,"$12,920,251","$491,228","1,240,454,761 ASM"
702,SONM (BEP-20),$0.2884,"$12,802,396","$2,305,023","44,400,000 SNM"
703,SquidGrow,$0.0...01082,"$12,817,420","$1,033,388","1,174,940,845,113,550 SQUIDGROW"
704,QuadrantProtocol,$0.01261,"$12,611,228","$1,026","1,000,000,000 EQUAD"
705,Poolz Finance,$2.71,"$12,608,146","$893,040","4,651,652 POOLX"
706,Ooki Protocol,$0.002733,"$12,427,797","$1,188,102","4,558,586,607 OOKI"
707,TrustSwap,$0.1243,"$12,416,553","$1,027,642","99,995,164 SWAP"
708,Tamadoge,$0.008902,"$12,404,322","$861,855","1,393,353,219 TAMA"
709,Hathor,$0.04929,"$12,145,279","$395,166","246,377,640 HTR"
710,Chrono.tech,$16.95,"$12,012,475","$262,542","710,112 TIME"
711,TABOO TOKEN,$0.001224,"$11,969,762","$323,327","9,782,678,080 TABOO"
712,Drep [new],$0.2446,"$11,921,908","$868,244","48,737,500 DREP"
713,Ã†ternity,$0.03216,"$11,935,328","$415,769","370,826,961 AE"
714,SOLVE,$0.02139,"$11,870,181","$265,720","555,000,000 SOLVE"
715,Gamium,$0.0005693,"$11,842,551","$245,840","20,801,360,198 GMM"
716,Zano,$1.05,"$12,376,766","$15,164","11,813,424 ZANO"
717,OAX,$0.1527,"$11,760,351","$822,623","77,028,691 OAX"
718,RAI Finance,$0.03633,"$11,856,235","$448,714","326,355,250 SOFI"
719,HUSD,$0.05243,"$11,670,714",$557,"222,593,861 HUSD"
720,Phantasma,$0.09634,"$11,663,081","$135,463","120,977,097 SOUL"
721,Victoria VR,$0.008032,"$11,644,984","$620,434","1,449,922,804 VR"
722,Green Satoshi Token (ETH),$0.2545,"$11,602,414",,"45,594,029 GST"
723,Fuse,$0.05255,"$11,557,039","$539,804","219,882,167 FUSE"
724,Presearch,$0.02908,"$11,531,990","$71,474","396,578,435 PRE"
725,Crust Network,$0.8107,"$11,462,068","$785,810","14,138,569 CRU"
726,ERC20,$0.01013,"$11,432,543",$339,"1,128,632,512 ERC20"
727,Goldfinch,$0.3895,"$11,348,057","$171,033","29,135,286 GFI"
728,Sovryn,$0.3602,"$11,317,775","$169,504","31,426,567 SOV"
729,Izumi Finance,$0.01431,"$11,270,787","$530,602","787,400,000 IZI"
730,Red Kite,$0.09825,"$11,267,205","$385,582","114,692,138 PKF"
731,Bitcoin Diamond,$0.06052,"$10,995,316","$37,334","186,492,898 BCD"
732,LATOKEN,$0.02941,"$11,177,225","$22,964","380,105,462 LA"
733,GALAXIA,$0.005164,"$11,170,310","$411,244","2,163,040,242 GXA"
734,Newscrypto,$0.07213,"$10,848,279","$68,119","150,400,834 NWC"
735,MILC Platform,$0.08704,"$10,829,116","$213,032","124,423,461 MLT"
736,Pitbull,$0.0...02711,"$10,894,605","$145,938","40,192,158,063,660,000 PIT"
737,Cult DAO,$0.000002475,"$10,675,580","$490,223","4,318,690,730,920 CULT"
738,Atletico De Madrid Fan Token,$2.76,"$10,631,581","$1,261,746","3,851,068 ATM"
739,ETHAX,$0.07789,"$10,604,169",$1,"136,139,688 ETHAX"
740,Numbers Protocol,$0.02774,"$10,602,850","$401,021","382,548,052 NUM"
741,Juventus Fan Token,$2.40,"$10,575,525","$1,211,277","4,412,482 JUV"
742,Pip,$0.09489,"$10,576,196","$848,597","111,456,149 PIP"
743,Nestree,$0.003618,"$10,475,887","$105,911","2,894,880,474 EGG"
744,DIMO,$0.07926,"$10,463,120","$164,946","132,001,167 DIMO"
745,Peercoin,$0.3685,"$10,432,205",$801,"28,306,624 PPC"
746,Stratos,$0.5171,"$10,419,815","$377,850","20,152,153 STOS"
747,Saito,$0.009766,"$10,403,933","$117,635","1,065,408,547 SAITO"
748,Dimitra,$0.02911,"$10,495,017","$199,281","357,044,769 DMTR"
749,Unibright,$0.06873,"$10,309,188","$13,987","149,999,999 UBT"
750,Era Swap,$0.004863,"$10,298,232","$347,326","2,117,750,668 ES"
751,Angola,$0.02209,"$10,459,557","$26,707","475,450,000 AGLA"
752,Tokemak,$0.6256,"$10,205,566","$380,259","16,314,929 TOKE"
753,MarsDAO,$0.1426,"$10,068,897","$142,943","70,599,020 MDAO"
754,AirDAO,$0.006599,"$10,062,666","$698,509","1,524,826,646 AMB"
755,HAVAH,$0.02213,"$10,066,501","$797,128","455,935,917 HVH"
756,AMO Coin,$0.0005272,"$10,076,018","$320,890","19,100,000,000 AMO"
757,Games for a Living,$0.01388,"$9,939,491","$544,191","715,949,351 GFAL"
758,Galatasaray Fan Token,$2.41,"$9,862,031","$2,163,662","4,094,238 GAL"
759,Viberate,$0.0489,"$9,779,156","$6,237,756","199,995,000 VIB"
760,Meta Apes,$0.06338,"$9,723,831","$700,680","153,410,748 PEEL"
761,Ferro,$0.01041,"$9,706,638","$25,976","932,530,341 FER"
762,REVV,$0.008089,"$9,631,058","$683,188","1,190,694,705 REVV"
763,Green Satoshi Token (SOL),$0.01205,"$9,625,006","$317,033","798,505,164 GST"
764,Scallop,$0.1487,"$9,604,481","$1,052,438","64,582,951 SCLP"
765,Nimiq,$0.0009159,"$9,569,323","$66,747","10,448,026,768 NIM"
766,PRIZM,$0.002748,"$9,560,569","$8,844","3,478,823,971 PZM"
767,Delysium,$0.05336,"$9,613,543","$746,684","180,175,254 AGI"
768,Bonfida,$0.2119,"$9,477,126","$3,271,461","44,729,964 FIDA"
769,HI,$0.00327,"$9,479,135","$507,497","2,898,698,243 HI"
770,Aurory,$0.5337,"$9,440,231","$516,587","17,687,361 AURY"
771,PowerPool,$0.3151,"$9,437,459","$1,322,267","29,950,763 CVP"
772,Netrum,$4.37,"$9,360,831",$0,"2,139,819 NTR"
773,Efforce,$0.01771,"$9,336,058","$88,441","527,135,519 WOZX"
774,Katana Inu,$0.0004338,"$9,337,164","$1,160,000","21,526,767,077 KATA"
775,Push Protocol,$0.2236,"$9,269,675","$263,162","41,463,198 PUSH"
776,renBTC,"$30,434.30","$9,266,208","$2,364",304 RENBTC
777,Validity,$1.89,"$9,238,493","$79,998","4,892,681 VAL"
778,BitKan,$0.0009614,"$9,192,552","$415,371","9,563,628,802 KAN"
779,King DAG,$0.1685,"$9,173,700","$1,105","54,451,545 KDAG"
780,Kryll,$0.2385,"$9,168,977","$99,538","38,446,598 KRL"
781,pNetwork,$0.1231,"$9,154,158","$806,292","74,408,229 PNT"
782,Lovely Inu Finance,$0.0...01311,"$9,142,140","$3,440,781","69,746,675,281,042 LOVELY"
783,Experimental Finance,$0.1872,"$9,066,305","$75,214","48,431,572 EXFI"
784,Nash,$0.2258,"$8,935,593","$13,078","39,578,795 NEX"
785,Cosplay Token,$0.02258,"$8,903,848","$362,587","394,359,177 COT"
786,Dimecoin,$0.00001861,"$8,901,555",,"478,333,438,962 DIME"
787,Unisocks,"$29,245.39","$8,832,107",,302 SOCKS
788,Optimus AI,$0.09236,"$8,776,232","$338,708","95,034,939 OPTI"
789,Divi,$0.002494,"$8,771,224","$296,447","3,517,381,218 DIVI"
790,Comtech Gold,$62.20,"$8,771,062","$728,675","141,000 CGO"
791,apM Coin,$0.006728,"$8,773,915","$1,329,455","1,304,075,000 APM"
792,MATH,$0.07646,"$8,744,158","$575,222","114,356,164 MATH"
793,Across Protocol,$0.06323,"$8,729,497","$70,436","138,063,734 ACX"
794,Giant Mammoth,$2.89,"$8,705,243","$4,136,350","3,010,935 GMMT"
795,Obyte,$10.31,"$8,687,513","$1,784","842,963 GBYTE"
796,Cratos,$0.0001756,"$8,657,846","$328,419","49,299,676,745 CRTS"
797,DeFi Kingdoms,$0.1202,"$8,658,171","$55,128","72,049,372 JEWEL"
798,Counterparty,$3.31,"$8,648,924",,"2,613,892 XCP"
799,Choise.com,$0.07866,"$8,619,234","$1,995,266","109,573,889 CHO"
800,Dora Factory,$1.64,"$8,531,188","$755,780","5,188,027 DORA"
801,BSCPAD,$0.1068,"$8,455,874","$44,337","79,211,621 BSCPAD"
802,Pallapay,$0.01136,"$8,445,602","$1,785","743,546,427 PALLA"
803,NewYork Exchange,$1.19,"$8,443,983","$1,743","7,090,060 NYE"
804,XeniosCoin,$0.11,"$8,386,290","$1,000","76,274,958 XNC"
805,ZKSpace,$0.04265,"$8,420,624","$138,991","197,440,000 ZKS"
806,Inter Milan Fan Token,$2.32,"$8,328,323","$4,086,194","3,586,974 INTER"
807,Prosper,$0.2877,"$8,359,108","$538,780","29,049,909 PROS"
808,Sperax,$0.005016,"$8,321,770","$626,118","1,659,132,697 SPA"
809,Vita Inu,$0.0...01006,"$8,315,715","$1,101,054","826,440,968,846,433 VINU"
810,Crypterium,$0.08752,"$8,329,481","$415,343","95,177,636 CRPT"
811,Diamond Launch,$0.08649,"$8,320,761","$210,990","96,203,056 DLC"
812,Arcblock,$0.08418,"$8,295,889","$117,211","98,554,305 ABT"
813,Freeway Token,$0.0008248,"$8,249,644","$2,336","10,000,000,000 FWT"
814,STFX,$0.04745,"$8,244,051","$378,901","173,690,368 STFX"
815,Tectum,$10.89,"$8,123,319","$1,424,775","753,166 TET"
816,Mint Marble,$0.242,"$8,179,117","$2,592","33,800,000 MIM"
817,Grid+,$0.2082,"$8,168,623",,"39,236,491 GRID"
818,Catgirl,$0.0...02306,"$8,162,424","$1,142,558","35,386,785,715,250,800 CATGIRL"
819,EverRise,$0.0001276,"$8,151,841","$22,636","63,879,133,973 RISE"
820,KARMA,$0.001487,"$8,107,132",$16,"5,450,532,381 KARMA"
821,IMPT,$0.006129,"$8,104,164","$1,349,489","1,321,897,017 IMPT"
822,PERL.eco,$0.01641,"$8,054,102","$750,069","490,938,908 PERL"
823,NFTX,$13.25,"$8,039,395","$28,443","606,672 NFTX"
824,DEAPcoin,$0.001105,"$7,994,054","$1,440,443","7,231,239,464 DEP"
825,Rupiah Token,$0.00006608,"$8,001,332","$239,964","121,048,927,413 IDRT"
826,Polkadex,$0.9588,"$8,015,724","$339,806","8,360,000 PDEX"
827,Suku,$0.04451,"$7,926,692","$341,542","178,403,407 SUKU"
828,Banano,$0.00523,"$7,938,828","$21,073","1,517,642,868 BAN"
829,Deeper Network,$0.004085,"$7,866,818","$306,363","1,925,307,229 DPR"
830,UniLend,$0.2528,"$7,853,238","$1,379,003","31,052,564 UFT"
831,Valobit,$0.006499,"$7,803,867","$4,235","1,200,806,778 VBIT"
832,Tap,$0.006335,"$7,806,595","$117,238","1,231,911,016 XTP"
833,Clearpool,$0.02372,"$7,772,587","$353,931","327,653,931 CPOOL"
834,Hegic,$0.01104,"$7,772,639","$53,436","703,727,349 HEGIC"
835,AS Roma Fan Token,$2.58,"$7,754,584","$756,906","3,011,572 ASR"
836,SIDUS,$0.0009546,"$7,751,983","$575,767","8,117,995,539 SIDUS"
837,DAD,$0.01286,"$7,741,827","$394,659","602,083,240 DAD"
838,MixMarvel,$0.001645,"$7,732,599","$458,332","4,699,943,108 MIX"
839,Symbiosis,$0.1798,"$7,631,829","$3,648,964","42,438,697 SIS"
840,Buying.com,$0.02283,"$7,577,033","$271,473","331,789,518 BUY"
841,BEPRO Network,$0.0007552,"$7,554,766","$613,805","10,000,000,000 BEPRO"
842,Arianee,$0.2782,"$7,471,040",$265,"26,856,005 ARIA20"
843,MASQ,$0.2183,"$7,506,825","$35,304","34,379,475 MASQ"
844,Quantstamp,$0.01051,"$7,507,157","$72,961","713,801,947 QSP"
845,Arsenal Fan Token,$1.59,"$7,496,637","$538,472","4,711,630 AFC"
846,SuperWalk,$0.1578,"$7,446,724","$156,979","47,174,750 GRND"
847,Unicly CryptoPunks Collection,$0.0297,"$7,426,691",,"250,000,000 UPUNK"
848,Matrix AI Network,$0.0172,"$7,381,507","$186,842","429,220,074 MAN"
849,Kunci Coin,$0.005988,"$7,380,572","$1,045,415","1,232,584,338 KUNCI"
850,Starlink,$0.0...07338,"$7,323,294","$620,289","9,979,172,029,858 STARL"
851,Carbon Protocol,$0.004601,"$7,296,355",$12,"1,585,510,090 SWTH"
852,Onomy Protocol,$0.1639,"$7,249,342","$648,453","44,217,940 NOM"
853,Handshake,$0.01206,"$7,271,218","$46,617","602,778,712 HNS"
854,Shapeshift FOX Token,$0.01932,"$7,286,437","$162,981","377,154,162 FOX"
855,MEVerse,$0.004259,"$7,205,038","$194,069","1,691,645,035 MEV"
856,Lossless,$0.1295,"$7,194,074","$93,902","55,572,672 LSS"
857,LeisureMeta,$0.01654,"$7,191,742","$183,275","434,702,835 LM"
858,DerivaDAO,$0.2748,"$7,171,820","$33,178","26,094,664 DDX"
859,ASTA,$0.003414,"$7,171,508","$226,594","2,099,999,990 ASTA"
860,Swash,$0.01106,"$7,168,009","$225,683","648,129,843 SWASH"
861,DxChain Token,$0.000143,"$7,149,638","$12,706","50,000,000,000 DX"
862,ChainGPT,$0.06352,"$7,136,720","$2,965,735","112,342,448 CGPT"
863,Observer,$0.00123,"$7,143,397","$131,013","5,807,080,871 OBSR"
864,WeWay,$0.004942,"$7,120,122","$389,662","1,440,281,416 WWY"
865,Rai Reflex Index,$2.75,"$7,071,073","$67,474","2,574,875 RAI"
866,DAFI Protocol,$0.007548,"$6,980,943","$379,760","924,532,314 DAFI"
867,Receive Access Ecosystem,$0.9888,"$6,955,224","$102,511","7,032,650 RAE"
868,Dvision Network,$0.01087,"$6,792,094","$184,521","624,596,290 DVI"
869,Akita Inu,$0.0...09992,"$6,802,443","$144,106","68,071,541,209,831 AKITA"
870,Linker Coin,$0.05961,"$6,723,185","$5,365","112,776,150 LNC"
871,Verse,$0.0003561,"$6,720,773","$9,863","18,866,910,731 VERSE"
872,Origin Dollar Governance,$0.007668,"$6,595,484","$479,924","859,782,377 OGV"
873,Orbcity,$0.04465,"$6,570,334","$282,382","147,116,912 ORB"
874,Cypherium,$0.01203,"$6,506,692","$19,745","540,678,192 CPH"
875,BullBear AI,$0.0...00316,"$6,465,586","$4,774,146","2,045,833,899,998,990 AIBB"
876,Step App,$0.003501,"$6,431,924","$5,997,570","1,837,024,070 FITFI"
877,Emirex Token,$0.2349,"$6,402,088","$43,175","27,258,765 EMRX"
878,Gulf Coin,$0.05517,"$6,326,102","$775,602","114,627,357 GULF"
879,ELYSIA,$0.001947,"$6,292,554","$140,101","3,231,133,910 EL"
880,PIBBLE,$0.0002984,"$6,245,721","$48,940","20,931,860,893 PIB"
881,HAPI Protocol,$8.77,"$6,218,076","$246,752","708,635 HAPI"
882,Rainicorn,$0.01239,"$6,190,571","$14,004","500,000,000 RAINI"
883,Zynecoin,$0.1489,"$6,086,571","$9,085","40,873,697 ZYN"
884,Bitcoin Atom,$0.3352,"$6,174,226",,"18,418,931 BCA"
885,Bytecoin,$0.00003346,"$6,158,852","$15,360","184,066,828,814 BCN"
886,Mancium,$0.6107,"$6,106,645","$68,472","10,000,000 MANC"
887,Karura,$0.06392,"$6,102,929","$63,259","95,479,166 KAR"
888,Pepe 2.0,$0.0...01462,"$6,151,869","$5,296,593","420,690,000,000,000 PEPE2.0"
889,GensoKishi Metaverse,$0.03645,"$6,118,027","$987,339","167,790,415 MV"
890,SAFE DEAL,$0.4623,"$6,067,866","$4,840","13,123,908 SFD"
891,BigONE Token,,"$6,029,893",$7,"9,449,081,034 ONE"
892,Aurox,$11.35,"$5,924,636","$198,415","521,929 URUS"
893,Myria,$0.001439,"$5,777,687","$372,641","4,012,753,471 MYRIA"
894,Plastiks,$0.03828,"$5,834,931","$102,934","152,452,346 PLASTIK"
895,Zenon,$0.9089,"$5,754,234","$13,648","6,330,750 ZNN"
896,DSLA Protocol,$0.001044,"$5,734,321","$186,842","5,491,802,966 DSLA"
897,SHPING,$0.002494,"$5,702,837","$62,393","2,286,791,464 SHPING"
898,OpenOcean,$0.0113,"$5,697,926","$270,768","504,425,832 OOE"
899,Trabzonspor Fan Token,$1.45,"$5,685,313","$547,088","3,923,337 TRA"
900,Cellframe,$0.199,"$5,690,152","$129,535","28,599,168 CELL"
901,Sentinel,$0.0003855,"$5,670,737","$90,156","14,711,251,848 DVPN"
902,KALM,$0.9972,"$5,660,140","$20,379","5,674,845 KALM"
903,Nuco.cloud,$0.2263,"$5,646,445","$319,582","25,000,000 NCDT"
904,Project WITH,$0.005782,"$5,664,743","$256,616","977,235,350 WIKEN"
905,Aventus,$0.9401,"$5,647,725","$130,276","6,000,000 AVT"
906,WHALE,$0.5631,"$5,634,132","$274,412","10,000,000 WHALE"
907,MileVerse,$0.002082,"$5,599,372","$240,732","2,704,779,999 MVC"
908,Pintu Token,$0.2388,"$5,595,084","$12,621","23,362,132 PTU"
909,Epic Cash,$0.3335,"$5,568,847","$1,164","16,698,246 EPIC"
910,Shyft Network,$0.006192,"$5,534,141","$28,252","893,144,989 SHFT"
911,MongCoin,$0.0...09421,"$5,500,325","$1,501,039","581,196,039,603,956 $MONG"
912,Tarot,$0.09952,"$5,452,499","$5,219","54,785,386 TAROT"
913,Gari Network,$0.01999,"$5,465,132","$82,788","273,397,650 GARI"
914,OVR,$0.2671,"$5,459,688","$351,234","20,439,769 OVR"
915,DeFine,$0.02106,"$5,424,396","$104,041","257,528,934 DFA"
916,Energi,$0.07817,"$5,174,928","$141,755","66,326,238 NRG"
917,Affyn,$0.02132,"$5,415,503","$664,099","254,033,788 FYN"
918,SpookySwap,$0.5746,"$5,396,029","$97,801","9,390,930 BOO"
919,ScPrime,$0.1133,"$5,399,795",$150,"47,669,373 SCP"
920,Trias Token (new),$3.33,"$5,321,366","$861,408","1,600,000 TRIAS"
921,Hydra,$0.6066,"$5,220,785","$657,700","8,606,762 HYDRA"
922,SENSO,$0.07446,"$5,233,241","$216,022","70,269,127 SENSO"
923,Civilization,$0.0172,"$5,160,029",$999,"300,000,000 CIV"
924,ChangeNOW Token,$0.06074,"$5,151,026",,"84,803,670 NOW"
925,EPIK Prime,$0.005811,"$5,121,879","$155,243","881,346,153 EPIK"
926,Inflation Hedging Coin,$0.00004277,"$5,117,083","$40,406","119,642,987,723 IHC"
927,Vertcoin,$0.0771,"$5,194,194","$1,676,851","67,370,935 VTC"
928,Napoli Fan Token,$3.09,"$5,104,693","$1,036,641","1,650,686 NAP"
929,Cryptex Finance,$1.07,"$5,071,938","$60,420","4,733,764 CTX"
930,Blocery,$0.006929,"$5,056,510","$870,993","726,916,662 BLY"
931,Netvrk,$0.09962,"$5,036,523","$135,125","50,557,986 NTVRK"
932,BabySwap,$0.01074,"$5,033,860","$87,867","468,534,280 BABY"
933,Haven Protocol,$0.169,"$5,013,464","$15,303","29,660,344 XHV"
934,Town Star,$0.01815,"$4,951,708","$96,447","273,243,569 TOWN"
935,Azit,$0.08552,"$4,984,998","$3,654,838","58,287,079 AZIT"
936,SwftCoin,$0.001238,"$4,958,835","$2,382,571","4,004,999,999 SWFTC"
937,TE-FOOD,$0.008382,"$4,952,210","$33,742","590,833,686 TONE"
938,GoCrypto Token,$0.0201,"$4,931,087","$147,478","245,278,438 GOC"
939,Cere Network,$0.003095,"$4,902,385","$156,992","1,585,541,574 CERE"
940,MagicCraft,$0.001592,"$4,850,458","$329,789","3,045,802,788 MCRT"
941,MultiVAC,$0.001342,"$4,815,014","$346,678","3,587,369,426 MTV"
942,BTSE,$1.11,"$4,812,827",$4,"4,354,711 BTSE"
943,Morpheus Labs,$0.006836,"$4,785,051","$114,329","699,999,799 MITX"
944,Hoge Finance,$0.00001195,"$4,805,934","$20,533","402,276,464,812 HOGE"
945,RealFevr,$0.0004435,"$4,780,292","$48,298","10,779,065,385 FEVR"
946,BioPassport Token,$0.001013,"$4,742,199","$94,032","4,625,812,250 BIOT"
947,LBRY Credits,$0.007892,"$5,163,084","$43,858","654,237,215 LBC"
948,OpenDAO,$0.0...04692,"$4,692,740","$377,432","100,000,000,000,000 SOS"
949,Beam,$0.03203,"$4,645,666","$177,063","145,034,920 BEAM"
950,Blocto Token,$0.01952,"$4,588,569","$20,459","235,280,094 BLT"
951,dHedge DAO,$0.1046,"$4,519,733","$5,444","43,222,366 DHT"
952,Oraichain,$2.16,"$4,423,493","$399,816","2,044,424 ORAI"
953,Pangolin,$0.02452,"$4,422,158","$47,691","180,332,189 PNG"
954,Decubate,$0.01769,"$4,388,764","$116,884","248,156,646 DCB"
955,Botto,$0.16,"$4,378,046","$108,921","27,363,292 BOTTO"
956,DeepBrain Chain,$0.00136,"$4,351,945","$212,543","3,200,000,000 DBC"
957,BitForex Token,$0.001002,"$4,299,212","$714,187","4,289,073,705 BF"
958,TomTomCoin,$0.001898,"$4,303,158","$470,087","2,267,000,000 TOMS"
959,SpaceChain,$0.01412,"$4,336,284","$6,559","307,182,730 SPC"
960,Exeedme,$0.0474,"$4,333,601","$57,747","91,430,976 XED"
961,Bitrue Coin,$0.03294,"$4,328,966","$3,119,105","131,421,228 BTR"
962,Permission Coin,$0.0002645,"$4,275,798","$15,040","16,166,619,298 ASK"
963,STARSHIP,$0.2258,"$4,269,003","$6,120","18,908,258 STARSHIP"
964,Carbon Credit,$0.2511,"$4,265,189","$9,395","16,988,760 CCT"
965,Bitcoin Standard Hashrate Token,$0.3413,"$4,164,946","$50,856","12,201,401 BTCST"
966,Xaya,$0.07784,"$4,157,678","$5,948","53,414,690 CHI"
967,ApeSwap,$0.02028,"$4,135,897","$50,300","203,941,928 BANANA"
968,Kasta,$0.01526,"$4,122,480","$289,063","270,186,863 KASTA"
969,Bifrost,$0.2016,"$4,108,296","$93,636","20,382,189 BNC"
970,XDEFI Wallet,$0.04673,"$4,098,290","$81,251","87,702,396 XDEFI"
971,Hamster,$0.0...01718,"$4,096,992","$4,173,410","2,384,230,000,000,000 HAM"
972,PointPay,$0.0135,"$4,083,280","$172,544","302,501,090 PXP"
973,Electra Protocol,$0.0002296,"$4,080,009","$19,731","17,767,585,908 XEP"
974,Agoras: Currency of Tau,$0.2258,"$4,064,326","$13,386","18,000,000 AGRS"
975,CropBytes,$0.02164,"$4,031,246","$124,972","186,294,140 CBX"
976,Particl,$0.3028,"$4,027,427",$653,"13,298,832 PART"
977,GoChain,$0.003254,"$3,987,874","$77,653","1,231,048,881 GO"
978,Electric Vehicle Zone,$0.008943,"$3,960,456","$50,241","442,733,056 EVZ"
979,OXBT,$0.01966,"$3,932,341","$173,528","200,000,000 OXBT"
980,Big Data Protocol,$0.07752,"$3,942,468","$112,895","50,859,856 BDP"
981,TOKPIE,$0.1374,"$3,944,935","$41,861","28,714,064 TKP"
982,Monavale,$377.12,"$3,928,122","$80,025","10,416 MONA"
983,Dovu,$0.003562,"$3,405,470","$18,722","956,157,114 DOV"
984,Metaverse.Network Pioneer,$0.2003,"$3,897,550","$180,983","19,453,215 NEER"
985,Govi,$0.1784,"$3,891,071","$54,877","21,810,146 GOVI"
986,Shiryo,$0.0...03948,"$3,876,399","$2,209","981,846,777,310,948,352 SHIRYO"
987,Dark Frontiers,$0.02211,"$3,828,085","$157,487","173,109,555 DARK"
988,ColossusXT,$0.0002981,"$3,795,438",,"12,732,356,945 COLX"
989,Torum,$0.01669,"$3,789,078","$175,917","226,982,841 XTM"
990,Walken,$0.008548,"$3,845,815","$1,595,340","449,892,140 WLKN"
991,BullPerks,$0.04586,"$3,761,656","$188,984","82,019,285 BLP"
992,Crypton,$0.4368,"$3,745,037","$271,520","8,572,953 CRP"
993,ALL BEST ICO,$0.004553,"$3,722,143","$5,601","817,470,972 ALLBI"
994,Uno Re,$0.04748,"$3,714,688","$157,251","78,242,153 UNO"
995,GNY,$0.01927,"$3,706,202","$117,032","192,376,657 GNY"
996,Wrapped Alvey Chain,$0.04387,"$3,661,394","$2,686,419","83,465,963 WALV"
997,Solanium,$0.03621,"$3,620,522","$705,015","100,000,000 SLIM"
998,BUX Token,$0.06159,"$3,566,626","$10,710","57,904,773 BUX"
999,Djed,$1.07,"$3,535,978","$157,346","3,293,404 DJED"
